file_name,province,year,num_all,num_c1,num_c2,num_c3,num_c4,num_c5,TV_S,TV_D,TV_O,A_S,temperature,rain,death
alborz-1395,Alborz,1395,492768581,444467578,22836036,7477670,7076848,10910449,51254930,96977037,937695,69.90431083,17.2,242.3,180
alborz-1396,Alborz,1396,515748213,466775950,21700373,8979560,9423573,8868757,47331086,112896705,988281,67.80253164,17.2,225.9,145
alborz-1397,Alborz,1397,534003291,490011336,16990789,8245891,9097411,9657864,41253161,120978996,958915,65.73990307,17.6,203.4,182
alborz-1398,Alborz,1398,505759374,470872177,11043247,5974327,8185359,9684264,34216876,112732269,758237,65.84802499,17.5,157.8,172
alborz-1399,Alborz,1399,422717481,392195987,11302875,5798356,5099122,8321141,31036762,83927866,700800,65.11920792,19,118.9,181
alborz-1400,Alborz,1400,489035861,457183881,12586779,6182907,6116117,6966177,33535694,104818700,694692,69.09653844,18.9,215.5,206
alborz-1401,Alborz,1401,546653192,515862848,12136249,6038162,6550848,6065085,32732308,152025155,1226166,67.93823582,19.3,225.7,246
alborz-1402,Alborz,1402,551128208,518338894,12508203,5852075,8041547,6387489,38810481,140411579,630253,68.5798541,17.9,160.3,207
alborz-1403,Alborz,1403,578340746,543509164,14270555,6217688,6378470,7964869,59335495,153199548,464939,69.29342641,19.2,223.5,149
ardabil-1395,Ardabil,1395,73032446,64796136,2609347,2773844,856396,1996723,3779076,9287500,1159638,66.19583411,10.3,273,126
ardabil-1396,Ardabil,1396,86614565,77562755,3178854,2875056,975843,2022057,6229218,12306086,1205887,70.63155184,10.6,247.4,114
ardabil-1397,Ardabil,1397,102134812,91642438,3018220,3879830,1068653,2525671,7147495,15214890,1544232,70.07928311,10.4,213.9,174
ardabil-1398,Ardabil,1398,103200168,92977448,2946410,3838001,958704,2479605,6681980,15485853,1674052,69.59915666,11.4,272.1,137
ardabil-1399,Ardabil,1399,88621353,78253848,3023055,3826720,828062,2689668,6243204,11409371,1461730,69.94316877,11.7,253.9,169
ardabil-1400,Ardabil,1400,116278756,103882071,3888477,4419410,971658,3117140,6653663,20552813,1371423,68.51355997,11.2,153.5,169
ardabil-1401,Ardabil,1401,141311657,128842727,4053716,3973365,926193,3515656,8801792,27166243,1044208,69.89317971,11,116.9,191
ardabil-1402,Ardabil,1402,147083585,133624015,4526192,3908842,1047871,3976665,11526187,25609317,861542,72.42342644,12.8,153.5,178
ardabil-1403,Ardabil,1403,150211801,135890298,4613659,3884761,1149996,4673087,11621564,22157012,970773,73.78301922,10.9,185.4,189
boyer-1395,Kohgiluyeh and Boyer-Ahmad,1395,23950892,21112672,1712696,251438,445437,428649,2763065,3770289,1198266,67.17931244,15.6,790.5,128
boyer-1396,Kohgiluyeh and Boyer-Ahmad,1396,34365719,30938602,2216668,170743,741053,298653,4419052,1129762,513605,71.08187122,15.5,785.6,129
boyer-1397,Kohgiluyeh and Boyer-Ahmad,1397,37564310,34607142,1615006,287770,647997,406395,3482588,4256446,701158,70.69568584,16.1,713.6,137
boyer-1398,Kohgiluyeh and Boyer-Ahmad,1398,41110156,36631694,2422651,651500,620634,783677,2705251,5954368,665446,68.58478124,15.9,683.3,163
boyer-1399,Kohgiluyeh and Boyer-Ahmad,1399,35922947,31990043,2070774,669782,297989,894359,2013000,3631300,1353252,69.56547804,15.8,654.2,150
boyer-1400,Kohgiluyeh and Boyer-Ahmad,1400,38381024,32823402,2913020,876816,516099,1251687,1749015,4838490,431489,67.32301449,16.4,750.8,190
boyer-1401,Kohgiluyeh and Boyer-Ahmad,1401,60255487,54041552,3324240,878257,192364,1819074,1825124,9161399,669810,69.05337749,16.9,716.1,215
boyer-1402,Kohgiluyeh and Boyer-Ahmad,1402,64496591,58745473,2813696,729223,227969,1980230,2670890,7875562,450873,69.79111794,16.7,694.5,183
boyer-1403,Kohgiluyeh and Boyer-Ahmad,1403,63083592,56955880,2922491,702250,239706,2263265,3425140,7012259,516049,71.09324392,18.3,629.7,175
bushehr-1395,Bushehr,1395,95960296,84578439,4012407,2292691,1317719,3759040,10868595,9803020,2217286,81.15023889,25.2,247,223
bushehr-1396,Bushehr,1396,119596370,104438959,5406224,3015269,2021100,4714818,14669621,10211198,652431,80.37489798,25.4,244.3,200
bushehr-1397,Bushehr,1397,128152949,112842195,4507549,4159821,1565816,5077568,10682055,14774965,532101,81.29793842,26.2,222.3,191
bushehr-1398,Bushehr,1398,133466118,116872518,4585362,4988717,1829161,5190360,8708248,15986486,612614,80.72392897,26.5,225,264
bushehr-1399,Bushehr,1399,112528660,97354912,3829558,4603489,1466451,5274250,5150863,11478195,405607,77.78965181,25.8,239.1,204
bushehr-1400,Bushehr,1400,125615179,109958525,4721915,3825837,1415804,5693098,9844960,18249196,316153,78.23768454,26.8,182.7,230
bushehr-1401,Bushehr,1401,151017687,134381773,5948374,3191610,1347161,6148769,19481469,27509063,312437,82.48644724,27.5,150.2,273
bushehr-1402,Bushehr,1402,154554649,138072533,5306505,3159998,1456566,6559047,19079713,27653044,285927,82.84652391,28.1,190.9,281
bushehr-1403,Bushehr,1403,173325372,155558712,5328113,3147936,1295066,7995545,23989809,33247489,359174,82.353497,28.2,278,209
esfahan-1395,Isfahan,1395,225420333,171354981,18841473,9487773,8119652,17616454,25303406,20939483,401150,80.62174731,16.3,100.5,619
esfahan-1396,Isfahan,1396,267721262,209548010,19195281,9438703,8322257,21217011,23999190,28274174,620289,80.5920406,16.6,107,591
esfahan-1397,Isfahan,1397,332710273,261326546,24991581,12720991,8152836,25518319,25570657,35175149,773800,79.36473487,16.9,74.5,686
esfahan-1398,Isfahan,1398,318037743,246223572,22987616,13723694,7078842,28024019,42768751,48083455,625188,82.25175135,17.3,99.3,629
esfahan-1399,Isfahan,1399,243803013,181221221,18701363,13349782,6142309,24388338,31486394,38828535,1605716,81.12957401,17.6,37.3,535
esfahan-1400,Isfahan,1400,277101037,210914361,25195648,12608051,4367718,24015259,28385447,36373437,956646,81.00431816,18.3,48.7,669
esfahan-1401,Isfahan,1401,472703905,371503036,51919718,10943653,3947113,34390385,35927561,51802753,672683,81.72013357,18,175,714
esfahan-1402,Isfahan,1402,405100192,320815216,21847844,21269472,7148308,34019352,61368380,77380843,35136,88.34089387,17,146,778
esfahan-1403,Isfahan,1403,268558478,216303369,14522577,12523395,4181606,21027531,44253483,68946161,12498,90.29238897,18.8,69.7,672
fars-1395,Fars,1395,248702442,208647266,16377237,6597710,5618797,11461432,25161499,37795590,1137707,79.937281,18.3,317.8,991
fars-1396,Fars,1396,318475493,269599209,18998121,7974528,6702215,15201420,28725630,55746329,1019425,82.23642034,18.7,284.4,966
fars-1397,Fars,1397,368509404,317504453,19662317,8733952,6840924,15767758,34881553,66119424,1093693,82.69314131,18.8,254.6,968
fars-1398,Fars,1398,375276321,321886021,19923343,9520174,6383142,17563641,34763622,67933525,1077912,83.63573553,18.6,303.5,906
fars-1399,Fars,1399,308312833,258404048,18621398,9305764,5294603,16687020,29781143,51065783,1188480,82.61194207,18.9,302.6,792
fars-1400,Fars,1400,320809121,273594782,17395798,8992252,4913646,15912643,32311791,57388948,1170706,83.02807506,19.6,164.2,941
fars-1401,Fars,1401,457986252,396560155,20264860,12375484,3571127,25214626,22054781,125295116,313494,74.76641126,18.8,278.3,1080
fars-1402,Fars,1402,490129051,423939069,22317551,12475824,4053027,27343580,24743198,133908107,149221,73.40009716,19.9,107.9,1060
fars-1403,Fars,1403,470979347,407932258,21352132,11332413,4553429,25809115,26053563,129504154,302591,71.91333563,19.8,175.6,858
gharbi-1395,West Azerbaijan,1395,87796040,75412267,5058998,2340454,1003797,3980524,10592072,12610570,2204680,75.43741243,12.3,332,405
gharbi-1396,West Azerbaijan,1396,126716418,108970534,7051488,4853346,846236,4994814,16938025,14220079,3152765,77.29301229,12.7,304.1,405
gharbi-1397,West Azerbaijan,1397,153403158,133486794,8273489,5183678,1657177,4802020,11776896,17325314,2806452,75.20411732,12.7,279.5,374
gharbi-1398,West Azerbaijan,1398,148264429,130701987,5897947,4562360,1815216,5286919,11762139,11385152,3510944,75.77902143,13.4,284.1,457
gharbi-1399,West Azerbaijan,1399,132230378,116344961,4852302,4581655,1581491,4869969,9028994,8458701,3068766,74.37761467,13.5,243.2,373
gharbi-1400,West Azerbaijan,1400,155935085,138673767,5424888,4357772,1581868,5896790,8863202,8360597,2783515,74.09525177,13.1,177.1,432
gharbi-1401,West Azerbaijan,1401,203562929,184223048,5676422,5147478,1522311,6993670,12837918,14341253,2630047,75.49888832,14.4,188.7,498
gharbi-1403,West Azerbaijan,1403,254366288,230314762,6556145,5433016,1566299,10496066,15063863,9655067,3286191,73.54619064,14.8,105.6,376
gilan-1395,Gilan,1395,288863734,260904453,14313948,5125581,2690860,5828892,27554359,50055210,1285222,74.87914756,14.8,1316.7,499
gilan-1396,Gilan,1396,362184329,331248700,14348714,6352566,2915677,7318672,21378060,86192930,2568736,74.72356211,15.5,1297.4,531
gilan-1397,Gilan,1397,425342631,391736649,15711135,6774815,3672806,7447226,10529663,115780475,2715443,71.44462854,15.7,1256.2,504
gilan-1398,Gilan,1398,385876601,356563971,12944434,5974984,3394321,6998891,7095766,102324650,1853531,68.84547666,15.4,1296.3,424
gilan-1399,Gilan,1399,340752665,310692481,13657616,5810516,3392005,7200047,6075219,80105678,2098942,68.39026047,16.1,1261.1,396
gilan-1400,Gilan,1400,356239054,325743739,15375254,5352559,2660675,7106827,5712732,80501840,1829729,68.04934963,16.8,1172.5,415
gilan-1401,Gilan,1401,504555789,462013586,27531939,4421841,1313471,9274952,6626995,52667126,2924002,64.68351152,16.1,1261,449
gilan-1402,Gilan,1402,493986464,454798721,24569559,4468438,1095164,9054582,8139640,48324873,2842167,63.24425271,17.4,1242.5,444
golestan-1395,Golestan,1395,104355294,92418890,5929038,2213974,1362263,2431129,11985242,17697768,588045,77.07026341,17.2,562.7,213
golestan-1396,Golestan,1396,138702634,124802460,7177126,2531132,1376621,2815295,14089822,29774707,584456,79.64178561,17.6,559.4,276
golestan-1397,Golestan,1397,163014333,149304820,6415395,2770045,1532208,2991865,11103075,39359352,793436,79.97568339,17.7,558.9,240
golestan-1398,Golestan,1398,148162946,135616968,6133332,2318927,1445901,2647818,7596842,34287811,572812,77.66164778,17.6,494.9,279
golestan-1399,Golestan,1399,125745992,114477288,5244546,2254682,1171498,2597978,7036991,26399246,541825,76.51484859,17.8,492.4,227
golestan-1400,Golestan,1400,132801315,121466293,5167166,2359434,1097136,2711286,5947081,29495531,595305,75.28107917,18.9,537,291
golestan-1401,Golestan,1401,169535943,156132834,6165186,3029426,1182046,3026451,4711905,43957677,821248,75.57683326,18.9,503.1,353
golestan-1402,Golestan,1402,179778845,165059415,7607546,2656885,1303821,3151178,12107078,46031547,916507,76.39593576,20.1,446.3,365
golestan-1403,Golestan,1403,183983111,169687227,6767640,2827254,1462731,3238259,26064318,45117537,2249287,79.55158665,20.1,414.2,319
hamedan-1395,Hamedan,1395,99272950,83663880,6611720,1963651,4306076,2727623,15222662,10212822,1207630,80.56888996,11.4,289.5,337
hamedan-1396,Hamedan,1396,138777226,113388610,9756971,3732214,5488057,6411374,15321223,14235536,693785,80.72539076,11.5,265.6,340
hamedan-1397,Hamedan,1397,174034655,143815358,12132079,6061340,5151714,6874164,14124410,24340506,204549,79.17181404,11.8,255.9,304
hamedan-1398,Hamedan,1398,188660921,155566605,12856336,6415708,3543872,10278400,15211023,35517430,906425,78.3690453,11.5,222.2,352
hamedan-1399,Hamedan,1399,164075111,133013645,11460404,6501316,1134767,11964979,10992448,28123818,1215955,77.78949188,11.7,189.4,249
hamedan-1400,Hamedan,1400,190778074,155943925,12706005,7996108,838203,13293833,12405064,35760879,881291,78.10815345,13,181.4,250
hamedan-1401,Hamedan,1401,245440161,205950316,14270243,8952419,833169,15434014,18281348,52819500,846338,77.19107333,11.8,229.7,320
hamedan-1402,Hamedan,1402,250401216,209768669,14279357,8189690,900654,17262846,25096979,50115336,835470,76.89835007,12.4,205.7,298
hamedan-1403,Hamedan,1403,252127337,211959522,14228412,7754352,830871,17354180,21347201,48554874,612263,74.87385495,12.1,307.3,253
hormozgan-1395,Hormozgan,1395,102839291,70736921,6819993,2921458,3357278,19003641,12842755,11373551,489791,74.69279597,27.2,169.6,217
hormozgan-1396,Hormozgan,1396,123849177,87326939,7066307,3163328,5429340,20863263,12921918,13742669,498492,75.15282136,27.5,118.2,212
hormozgan-1397,Hormozgan,1397,138266278,100943488,7180152,3226580,5569755,21346303,13060507,15349494,601471,75.84118411,27.5,109.3,235
hormozgan-1398,Hormozgan,1398,120000212,90273386,6285709,3076449,2001269,18363399,15195450,11951453,414692,75.3930294,27.6,102.5,228
hormozgan-1399,Hormozgan,1399,113620390,83660087,6392087,5217475,3127637,15223104,18228754,11406594,11350,77.51108197,27.6,94.8,305
hormozgan-1400,Hormozgan,1400,127165477,93226160,8315134,3252644,2776461,19595078,15651659,14241450,751512,73.62372881,29,94,318
hormozgan-1401,Hormozgan,1401,144363683,110293266,8276530,2503996,1771491,21518400,9252101,15311856,779721,72.80830907,29.1,180.2,402
hormozgan-1402,Hormozgan,1402,194259902,145433319,12807441,2861196,1496703,31661243,13517482,17329222,1106037,72.55646702,30,89.2,325
hormozgan-1403,Hormozgan,1403,216772610,163218430,13470976,3974598,1001238,35107368,14484522,20048522,1030442,71.79653986,29,96.8,241
ilam-1395,Ilam,1395,30930171,26228214,1220772,1338862,481594,1660729,1669963,3911771,488270,68.45877014,14.8,567.6,105
ilam-1396,Ilam,1396,39869235,34430367,1358474,1444322,674482,1961590,2217606,3936481,729617,70.17728629,14.9,523.8,128
ilam-1397,Ilam,1397,44309120,38626769,1598845,1359699,702953,2020854,2785365,4314500,920632,70.84476844,15.2,534.8,130
ilam-1398,Ilam,1398,46723623,40665199,1469789,1411106,933968,2243561,2651890,4744640,1022701,69.63007078,15.1,484.2,145
ilam-1399,Ilam,1399,35280536,31410136,1197887,1182377,284256,1205880,2339628,2821309,1124288,69.5284772,16,531.1,100
ilam-1400,Ilam,1400,38253142,33796639,1209315,1191687,432242,1623259,3133796,3236753,1395438,71.25868837,15.2,451.6,116
ilam-1401,Ilam,1401,53017355,46500964,1606426,1526969,1100853,2282143,4289949,5280154,862679,71.63332418,16.6,500.9,160
ilam-1402,Ilam,1402,65005304,57089910,1773128,1759008,1408206,2975052,6941507,6709543,693409,72.55866803,17.6,513.5,149
ilam-1403,Ilam,1403,76524083,66483148,2574642,2083561,1769153,3613579,7857752,7981580,629866,70.98311268,16.6,326.4,126
jonoubi-1395,South Khorasan,1395,34648967,23170867,3029098,2042388,1285911,5120703,7525268,2495462,586228,80.04261279,18.1,162.5,152
jonoubi-1396,South Khorasan,1396,40058752,27178061,3223108,2532104,1348342,5777137,9730938,3234876,394934,79.87915933,18.6,134.9,204
jonoubi-1397,South Khorasan,1397,47597121,33767643,3606455,2780945,1536592,5905486,12867425,4350787,492874,82.05817317,18.8,164.3,174
jonoubi-1398,South Khorasan,1398,49795695,37082806,2865491,2310425,1611167,5925806,9284971,5067714,1182519,81.7616117,18.8,108.2,231
jonoubi-1399,South Khorasan,1399,46251338,32210384,2758346,2373742,1478419,7430447,6576622,3600971,1039409,81.04193665,18.6,111.2,176
jonoubi-1400,South Khorasan,1400,57263759,42086042,3177212,2571724,1376504,8052277,12350447,4294841,1381162,83.22637851,18.7,138.2,214
jonoubi-1401,South Khorasan,1401,66034948,51845674,3535356,2315041,1323505,7015372,15655342,6321523,439531,103.6679288,19.5,121.8,318
jonoubi-1402,South Khorasan,1402,67799648,52357050,3582246,2415272,1672774,7772306,11719179,6237153,9589,87.44360291,20.2,126,264
jonoubi-1403,South Khorasan,1403,73954180,54512105,5203620,3553726,2229944,8454785,7705398,1536199,1811841,90.29563778,21.1,90,201
kerman-1395,Kerman,1395,223910758,175461807,10701226,13159383,4564399,20023943,19660134,27373178,1641983,76.2448874,14.3,118.2,593
kerman-1396,Kerman,1396,122815314,95734972,6045408,5132237,3434718,12467979,11383666,10974335,2261063,75.71022585,14.7,110.5,760
kerman-1397,Kerman,1397,138818491,108863189,7913601,4208474,3172112,14661115,10796140,12033097,3186722,79.03619238,15,118.3,715
kerman-1398,Kerman,1398,167600436,130669992,10946612,4799206,3107687,18076939,13113554,13903416,3677704,79.30630678,15.1,121.7,702
kerman-1399,Kerman,1399,167321148,127499144,11326608,5824500,2341913,20328983,13549803,13301371,2681996,77.92965331,15,71.5,691
kerman-1400,Kerman,1400,175045510,137986482,8795543,6804565,2028639,19430281,17689280,19182360,906862,77.82475957,15.3,74.1,773
kerman-1401,Kerman,1401,218386107,175373931,11081968,7348128,2285458,22296622,27030946,27355453,699755,78.40524214,15.5,94,904
kerman-1402,Kerman,1402,206063933,163535242,10237169,6445505,2314612,23531405,27208941,26739098,726569,79.13709751,15.4,67.4,1013
kerman-1403,Kerman,1403,177605032,138662388,9310758,5825718,2329690,21476478,21851511,22779876,463532,78.91237455,15.5,80.8,835
khuzestan-1395,Khuzestan,1395,107277030,83809649,6789119,5114911,4714813,6848538,11378906,10671238,1180061,73.82392313,25.2,315.2,568
khuzestan-1396,Khuzestan,1396,183633375,146997686,9207790,9305132,5042984,13079783,14292777,18377761,1345519,74.49144263,25.8,387,542
khuzestan-1397,Khuzestan,1397,220081559,180233771,9279338,11285489,4054456,15228505,13662683,22381219,1394541,73.2624812,25.5,214.5,547
khuzestan-1398,Khuzestan,1398,225903914,185574391,8849721,11106727,4275017,16098058,12925176,21980707,1460781,73.27831759,25.5,298.1,589
khuzestan-1399,Khuzestan,1399,184495795,145958498,8300591,10594604,3763565,15878537,12216809,15456262,2478271,72.40445676,25.9,313,598
khuzestan-1400,Khuzestan,1400,202388238,163977715,10637394,8494250,2979843,16299036,14420459,23027257,892261,71.90761332,27.2,358,651
khuzestan-1401,Khuzestan,1401,253669543,212719210,12317085,6979169,2218935,19435144,18896096,37917266,615525,72.37728865,27.3,224,726
khuzestan-1402,Khuzestan,1402,295275149,247515154,14183634,7464605,2188047,23923709,22311516,49194329,978761,69.86396569,26.6,189.4,824
khuzestan-1403,Khuzestan,1403,316724378,263432817,16942895,8334394,2017252,25997020,25404627,50184975,1068978,69.69431232,28.6,155.2,718
kurdistan-1395,Kordestan,1395,63949293,53798172,3082275,3463566,1012918,2592362,3908869,7242486,924640,71.63815684,14.2,428.4,294
kurdistan-1396,Kordestan,1396,79156363,67081863,3701349,3891220,1134421,3347510,4161858,9491783,2072763,70.60374434,14.4,407.3,310
kurdistan-1397,Kordestan,1397,84935372,72921781,3834235,3748317,1107846,3323193,3967237,11021402,1704418,69.9599662,14.4,385.6,314
kurdistan-1398,Kordestan,1398,88797806,76100686,4520673,3603842,848425,3724180,4474000,11868465,2209379,69.00254815,15.6,425.1,270
kurdistan-1399,Kordestan,1399,86378868,73026990,4484644,3920118,829012,4118104,4324344,10724601,2707142,68.29860405,16,374,270
kurdistan-1400,Kordestan,1400,92493992,79855638,4127742,3846107,984978,3679527,5154653,12781102,2139801,69.06847063,16.2,302.5,336
kurdistan-1401,Kordestan,1401,101781613,87869314,4408609,4464953,1444877,3593860,7725155,14408651,1616750,71.63202479,15.9,285.7,364
kurdistan-1402,Kordestan,1402,105741933,92794078,6594475,1688287,997525,3667568,8598200,8606083,1583379,72.6998464,16.9,329.1,320
kurdistan-1403,Kordestan,1403,105849186,92501761,5113569,2751150,898520,4584186,10851620,10880127,930545,74.94859293,15.8,254.7,313
lorestan-1395,Lorestan,1395,75533098,58984281,5027050,3613420,2757619,5150728,10533847,7314664,901669,80.64821809,17.3,496.9,350
lorestan-1396,Lorestan,1396,109306276,84731053,5891500,7524259,2022327,9137137,6323824,10316338,511946,76.73496489,17.6,471.7,351
lorestan-1397,Lorestan,1397,119949465,95436183,5657288,8035807,2136175,8684012,7061872,12333542,482553,77.0660163,17.8,476.7,342
lorestan-1398,Lorestan,1398,130631605,103122314,6114293,9146722,2707783,9540493,8241421,14076619,532739,76.97650153,18.3,398,416
lorestan-1399,Lorestan,1399,115650996,89578771,5996027,8535920,2538503,9001775,5915792,9654838,404046,75.13111991,17.8,467.3,309
lorestan-1400,Lorestan,1400,122010051,96352447,6027698,8135418,2634475,8860013,11185623,11685272,416035,77.16004584,17.6,378,327
lorestan-1401,Lorestan,1401,118320149,97500164,5912337,5374782,2383531,7149335,13702719,13112256,454254,80.61071695,19,373.6,386
lorestan-1402,Lorestan,1402,132272408,111844833,7380422,2909590,2211599,7925964,10612013,14794203,314139,80.13447058,18.4,386.1,392
lorestan-1403,Lorestan,1403,130629136,106562958,10446750,3655963,1620657,8342808,9198920,16999645,287245,78.1020704,19.5,347.5,343
mahal-1395,Chaharmahal and Bakhtiari,1395,85182796,75657308,4569268,1256938,1888184,1811098,13484851,8045917,1404428,80.11173642,8.2,296.9,165
mahal-1396,Chaharmahal and Bakhtiari,1396,94598195,84561710,4975638,1332818,2026071,1701958,13326745,5653431,818139,80.10277898,8.4,289,176
mahal-1397,Chaharmahal and Bakhtiari,1397,114715986,101724791,5783352,2503579,1955695,2748569,14216783,13248603,704502,78.66500941,8.3,301.4,161
mahal-1398,Chaharmahal and Bakhtiari,1398,113748586,100818757,5497030,2588434,1178361,3666004,13864953,13248065,729203,78.0247722,8.9,253.8,175
mahal-1399,Chaharmahal and Bakhtiari,1399,105176296,91722556,4327803,4113515,1492011,3520411,5990760,10485727,850087,73.67084142,9.4,260.3,165
mahal-1400,Chaharmahal and Bakhtiari,1400,114702595,100904993,3766456,4337290,2032306,3661550,9223092,12426077,888054,74.45822042,9.9,162.8,186
mahal-1401,Chaharmahal and Bakhtiari,1401,134249422,119881730,4185470,4553720,1655194,3973308,8656728,16957447,1019280,75.21404178,10.3,279.9,178
mahal-1402,Chaharmahal and Bakhtiari,1402,139365074,124367399,4379851,4552584,1633867,4431373,12885152,19185349,907273,78.12438689,10,260.8,282
mahal-1403,Chaharmahal and Bakhtiari,1403,147355843,130253631,6095478,4631072,1902496,4473166,17151727,20867914,337545,78.58303346,9.6,265,228
markazi-1395,Markazi,1395,152786405,115683268,12125601,7717553,6204903,11055080,17017655,19750005,297435,85.30513063,13.7,323.2,420
markazi-1396,Markazi,1396,183182690,140138049,13848611,9086406,6382445,13727179,20452448,23266866,297333,81.92292056,13.7,301.1,422
markazi-1397,Markazi,1397,214858192,160678516,19725033,12159215,6473678,15821750,22830106,28134377,656864,81.73211745,13.9,262.1,448
markazi-1398,Markazi,1398,216167965,160569476,18921856,14029552,4753020,17894061,23550457,33994173,811938,82.2684247,14.2,263.1,429
markazi-1399,Markazi,1399,189186594,136042798,18264275,12060566,3169974,19648981,27186966,31753688,918542,84.71593585,15.3,230.7,389
markazi-1400,Markazi,1400,238245268,180007941,21248424,12180286,2162216,22646401,34425246,45000024,943534,86.12839257,15.1,258.4,434
markazi-1401,Markazi,1401,282934045,223173512,21114912,12275110,1614455,24756056,39576781,62583486,1038495,85.74243798,14.9,184.9,536
markazi-1402,Markazi,1402,268852478,213275091,19625689,10935781,1672130,23343787,40501241,56881279,1096583,84.98573564,16.7,164.7,540
markazi-1403,Markazi,1403,266792396,214963338,19180313,8606973,1770299,22271473,48421258,53657491,901568,85.21546463,15.9,127.7,401
mazandaran-1395,Mazandaran,1395,419150080,380349447,19979350,10402984,3655753,4762546,15453811,78654281,1049598,71.72336473,18.3,781.6,426
mazandaran-1396,Mazandaran,1396,545368017,491172877,19763954,22013826,5157649,7259711,10990541,136416738,2074423,69.08545329,18.5,759.8,427
mazandaran-1397,Mazandaran,1397,576462424,528019449,19215073,17960286,5495521,5772095,20163648,128319299,2663492,69.22429132,18.6,721.2,429
mazandaran-1398,Mazandaran,1398,555705509,506882160,21818101,16585487,4123926,6295835,21852494,103027711,3379786,68.75220449,19.1,670.9,461
mazandaran-1399,Mazandaran,1399,491585162,442417083,25873351,13010582,3376018,6908128,42146794,67242962,2073796,68.69931724,18.6,752,349
mazandaran-1400,Mazandaran,1400,501800071,456626682,25401353,9723013,2937485,7111538,37872104,72331056,1475828,69.32602371,19.8,673.2,386
mazandaran-1401,Mazandaran,1401,603768505,551667892,30757998,9561622,3743492,8037501,26015340,131223445,2010678,72.60148481,19.2,741.1,447
mazandaran-1402,Mazandaran,1402,634324886,583227980,26964694,12725198,3377178,8029836,44655485,170442362,216345,68.72602918,18.9,571.2,453
mazandaran-1403,Mazandaran,1403,567639590,520812472,22367843,12001604,2852340,9605331,20031701,77918923,64270055,71.83200113,19.3,672.2,354
qazvin-1395,Qazvin,1395,216811599,181424187,8831469,10368215,3689062,12498666,8000125,41478456,282453,83.4221199,12.1,276.3,261
qazvin-1396,Qazvin,1396,241412275,204418619,8097590,11155379,4619462,13121225,7341124,46800914,296250,82.82740989,12.8,226.7,232
qazvin-1397,Qazvin,1397,262255061,227463020,9849711,9044942,4992825,10904563,12641576,61988745,343117,78.45871414,12.3,198.6,237
qazvin-1398,Qazvin,1398,280059212,238169444,16918334,7287196,7319623,10364615,9394636,67901353,740601,78.74764695,13.2,178.2,232
qazvin-1399,Qazvin,1399,234030373,191400675,11059104,12970373,5162343,13437878,10852935,39605035,788146,73.87828797,13.2,195.6,221
qazvin-1400,Qazvin,1400,247869690,206671980,11968422,11339173,4575225,13314890,35550399,47562148,332195,78.33499954,13.5,155,224
qazvin-1401,Qazvin,1401,304363001,259249400,27970753,3796547,1778133,11568168,16560467,35288987,352929,76.61045919,13,244.8,285
qazvin-1402,Qazvin,1402,317745839,271980189,26258869,4183496,1980963,13342322,23386410,36507126,304299,77.523442,13.5,104.1,273
qazvin-1403,Qazvin,1403,214718734,169582355,17544068,9040985,7018786,11532540,17343125,21138017,72246,67.3085179,13.4,88.5,261
qom-1395,Qom,1395,241922142,196232414,13949480,7886904,7375034,16478310,44775808,41213894,7400490,81.60193769,18.4,140.9,218
qom-1396,Qom,1396,284782300,232227996,14304600,10708093,8878107,18663504,37914727,42004903,970538,78.50245145,18.6,116,156
qom-1397,Qom,1397,265478005,218673368,13975330,9042373,8819101,14967833,33312172,46629475,711965,80.98806065,19.1,119.9,196
qom-1398,Qom,1398,265926460,220409752,15290582,7788098,6930779,15507249,33523830,38351058,515162,80.0381024,19.2,99.5,156
qom-1399,Qom,1399,230102616,182251946,16635324,8735999,5572338,16907009,37557565,24407884,438673,79.30430108,19.9,130.9,171
qom-1400,Qom,1400,283695934,229934645,19939740,9082922,5770259,18968368,46743335,30214809,396658,78.82522148,19.5,80.4,174
qom-1401,Qom,1401,288427208,246041434,17930705,5979017,5082751,13393301,42043346,50934301,1155495,80.53191489,20.5,65.7,216
qom-1402,Qom,1402,306579458,264135816,13190800,8283258,5529647,15439937,38704167,71161135,342562,82.21280894,18.9,88.1,211
qom-1403,Qom,1403,272947170,233542557,13750237,7113960,5128072,13412344,45968729,63432165,404787,83.70369377,20.8,71.2,187
razavi-1395,Razavi Khorasan,1395,195724245,164810335,10725147,7354521,3583687,9250555,24079475,34896038,1644811,77.36627838,14.2,77.4,622
razavi-1396,Razavi Khorasan,1396,264590876,226344348,11184536,9542326,5440688,12078978,17799190,53014600,1769347,77.45747165,14.6,102.1,595
razavi-1397,Razavi Khorasan,1397,303123533,258706601,11539369,11685056,5991591,15200916,19503281,61071960,1714015,76.13159965,14.3,83.7,617
razavi-1398,Razavi Khorasan,1398,319035857,272577156,11762873,11938321,5996403,16761104,20297964,58437640,1586749,75.69982695,14.5,92.1,625
razavi-1399,Razavi Khorasan,1399,277629349,231276714,12847834,12378177,5066887,16059737,16556592,47395359,1932320,75.05512661,15.6,116.1,463
razavi-1400,Razavi Khorasan,1400,313107450,261286673,14455412,14299022,5852859,17213484,49011878,56769010,1664757,78.56461506,15.9,99.7,543
razavi-1401,Razavi Khorasan,1401,383541755,329369443,12774230,17138022,5757226,18502834,63595104,76115202,2325766,80.60430312,15.4,72.4,674
razavi-1402,Razavi Khorasan,1402,406918701,351354896,12259552,16784655,4947801,21571797,57143633,84399479,2142854,82.86332819,15,54,741
razavi-1403,Razavi Khorasan,1403,421461946,362843767,12278719,16869548,4804881,24665031,51377518,87427479,1690862,82.46457525,16.4,66.3,646
semnan-1395,Semnan,1395,96940286,74301236,6813074,4578074,3404309,7843593,10072267,8546439,245927,80.29658374,17.2,88.4,225
semnan-1396,Semnan,1396,120909261,92849971,7764616,6817779,3889974,9586921,11893624,10197551,256332,83.94725201,17.8,69.3,250
semnan-1397,Semnan,1397,132936031,103223368,8584115,6907173,4356386,9864989,15696332,12605947,418968,84.97567202,18.1,73.1,254
semnan-1398,Semnan,1398,136577253,105256047,9486728,6709741,4826556,10298181,16103970,12227186,463189,83.99965099,17.7,54.1,261
semnan-1399,Semnan,1399,109709713,82159985,9505949,5961375,2789405,9292999,21587859,7233334,166322,83.32532461,18.2,35.6,175
semnan-1400,Semnan,1400,125555048,96450537,9877988,6162019,2405065,10659439,26857562,9615658,6601,85.10135243,18.2,20.3,231
semnan-1401,Semnan,1401,155712256,121414100,16506604,4488635,1604675,11698242,29598285,7878692,91814,85.00137987,18,33.6,305
semnan-1402,Semnan,1402,161596302,128274997,15583072,3480848,1617541,12639844,23431410,11229037,248615,83.03981832,20.1,33.4,285
semnan-1403,Semnan,1403,164159987,131920363,14700480,3602725,1766638,12169781,28353752,12208040,371173,83.38032771,19.7,76.6,255
shah-1395,Kermanshah,1395,136891333,112044866,6379807,7593063,2340977,8532620,7628886,20596872,1012550,72.97978761,14.3,421.5,314
shah-1396,Kermanshah,1396,154629425,129340625,6501349,7636936,1896401,9254114,6388286,22859454,1149951,72.75690736,14.6,410,329
shah-1397,Kermanshah,1397,173225828,145969778,6842387,7908793,2457050,10047820,6907269,25205553,991294,72.94183736,14.6,363.4,324
shah-1398,Kermanshah,1398,169968592,144652585,6233412,7312939,2504974,9264682,6724099,24934208,1170994,73.2014295,15,375.3,329
shah-1399,Kermanshah,1399,141240137,117610706,5908668,7004890,2090967,8624906,6122383,17736809,995665,72.30904335,14.5,375.5,297
shah-1400,Kermanshah,1400,151003651,127264180,6066693,6781431,2789804,8101543,6693734,20836588,922913,72.46018508,15.3,353.4,283
shah-1401,Kermanshah,1401,180625508,153094148,6712477,7753833,3338490,9726560,12328404,27749868,1061513,74.75979421,15.9,314.8,371
shah-1402,Kermanshah,1402,207282997,174676085,7820388,8570029,4452433,11764062,18719700,40695652,261902,75.71192126,16.3,250.2,359
shah-1403,Kermanshah,1403,244458057,208586486,9761330,8519857,3684770,13905614,21369474,45778801,8929,74.71490095,17.1,236.6,318
sharghi-1395,East Azerbaijan,1395,170210785,141600386,10525136,6198313,3644841,8242109,20778680,31067218,1405448,78.63518132,12.1,256.1,427
sharghi-1396,East Azerbaijan,1396,211916692,177678288,12854445,8102430,4144257,9137272,22261377,45481962,1204775,79.30799117,12.4,266.5,452
sharghi-1397,East Azerbaijan,1397,253963192,212069203,19242945,8047775,4308903,10294366,9410258,40500905,1340149,75.20655586,13.1,196.3,551
sharghi-1398,East Azerbaijan,1398,240015003,203149620,15668044,7303185,5041549,8852605,14388884,32401470,1594889,76.70528251,13.4,182,526
sharghi-1399,East Azerbaijan,1399,216901858,182847518,9134776,10045010,3301887,11572667,14283653,40850328,906494,78.68449252,13.5,189.1,476
sharghi-1400,East Azerbaijan,1400,268662117,229758692,9793720,11334976,3492899,14281830,18791042,54637680,958445,77.03386163,12.8,191.7,605
sharghi-1401,East Azerbaijan,1401,358606162,310831005,11557819,13858248,4329591,18029499,33044760,83108146,1038983,78.73022265,13.5,202.5,572
sharghi-1402,East Azerbaijan,1402,368449460,319210184,13413643,12385283,4129405,19310945,38271341,69087634,992238,79.18879081,14.5,143.8,669
sharghi-1403,East Azerbaijan,1403,388011838,335718675,18159701,10921693,4288515,18923254,39476565,54946553,996824,79.41003263,13.1,188.5,491
shomali-1395,North Khorasan,1395,69518023,60395595,2343312,3009672,1092673,2676771,5289692,9610681,286024,75.49497063,13.2,238.9,141
shomali-1396,North Khorasan,1396,82153524,71255483,2871398,3718928,1292224,3015491,5440477,10142928,475056,75.55411343,13.5,213.4,193
shomali-1397,North Khorasan,1397,94328936,83267739,3025814,3789418,1195063,3050902,5057916,12576006,611866,74.94900815,13.4,240.5,156
shomali-1398,North Khorasan,1398,89611867,78955091,2899542,3699540,1146833,2910861,4998112,11072313,634798,74.24931057,13.7,224,135
shomali-1399,North Khorasan,1399,68478456,59073076,2624497,3322822,874426,2583635,3511755,5519744,515189,73.96093345,14.8,207.6,175
shomali-1400,North Khorasan,1400,79832751,69893873,2777388,3344602,1127788,2689100,10677220,8743488,825340,78.78433435,15.4,179.5,205
shomali-1401,North Khorasan,1401,97547811,87723621,3767242,2530912,878906,2647130,12948977,11172688,745184,80.16311527,14.1,164,192
shomali-1402,North Khorasan,1402,99184518,89766462,4182236,1664934,444345,3126541,9415456,6879712,683147,81.32974089,15.4,105,221
shomali-1403,North Khorasan,1403,109281668,98698123,2767298,3354712,420754,4040781,11175358,12925804,745437,82.31039764,15.4,185.6,184
sistan-1395,Sistan and Baluchestan,1395,38250810,33604565,1500068,598082,1078971,1469124,9890141,2907438,1110880,82.2993237,20.3,80.7,577
sistan-1396,Sistan and Baluchestan,1396,43834575,37472064,2354171,689049,652802,2666489,11956028,796511,2718981,81.86363773,20.8,56.3,676
sistan-1397,Sistan and Baluchestan,1397,50081958,43436141,2231360,551670,950300,2912487,14977401,651101,2811976,83.40506222,20.5,68.5,745
sistan-1398,Sistan and Baluchestan,1398,50531037,43870148,2272935,498005,942876,2947073,15015876,558487,2219883,82.35467883,20.6,70.2,715
sistan-1399,Sistan and Baluchestan,1399,44544074,38477887,2041051,439863,844095,2741178,12970894,610365,1420349,82.87576538,21,89.2,769
sistan-1400,Sistan and Baluchestan,1400,52286478,45001848,2350944,520126,850995,3562565,14448256,788406,959189,82.5838185,21.4,77.4,902
sistan-1401,Sistan and Baluchestan,1401,64041766,55187297,2811631,782576,781544,4478718,18390532,1961306,1112199,81.98333163,22,67.9,1149
sistan-1402,Sistan and Baluchestan,1402,76579943,65035887,2690904,1925209,754484,6173459,21865784,4944258,636309,81.55813654,21.2,82,1159
sistan-1403,Sistan and Baluchestan,1403,66568293,54883153,3522464,1767157,1581936,4813583,13912026,6650411,1703136,74.57544869,21,111.3,851
tehran-1395,Tehran,1395,675630264,611764226,32085588,11723359,7688458,12368633,46765931,174218459,957056,75.8607656,17.3,204.9,303
tehran-1396,Tehran,1396,858420442,778223989,38845085,17269671,9621959,14459738,42186574,222247093,1209579,74.24790731,17.7,189.7,392
tehran-1397,Tehran,1397,976617106,891558764,39957328,18232781,12015114,14853119,51342633,234243574,1098873,71.62867996,17.4,213.6,323
tehran-1398,Tehran,1398,903415970,824104938,36208622,15615211,10722617,16764582,51780313,244231194,513680,73.59167032,18.5,149.3,371
tehran-1399,Tehran,1399,859379116,784946281,38129502,13052665,8889552,14361116,76307344,187365657,426804,74.49425665,18.7,145.8,355
tehran-1401,Tehran,1401,1005236346,933961348,37551205,12086231,8607672,13029890,88344880,258101531,530369,76.02237641,19.1,120.7,538
tehran-1402,Tehran,1402,1089559473,1013454505,39087728,13816009,7664845,15536386,87958286,314517680,601415,78.08966712,18.3,92.7,534
tehran-1403,Tehran,1403,1203731453,1114941997,48300517,15421768,8045649,17021522,111881352,350671384,683254,79.66651969,18.1,90,381
yazd-1395,Yazd,1395,74536516,44955303,8644059,6135428,3120665,11681061,10781030,6540770,665895,78.920393,19.2,46.6,128
yazd-1396,Yazd,1396,93626618,63030347,6403364,6366874,5375112,12450921,13419025,9590157,958587,81.57192177,19.3,26.8,171
yazd-1397,Yazd,1397,98241553,67413143,7031873,5318813,6112951,12364773,14956439,10262471,1032257,80.58899794,19.7,31.9,141
yazd-1398,Yazd,1398,68520661,47889192,5841983,3165411,2312318,9311757,11023355,3885433,1116360,78.55466144,20.4,59.9,171
yazd-1399,Yazd,1399,73927887,50243224,4983382,4884631,2409558,11407092,8959243,1581776,1554681,75.85031636,20.9,27.4,170
yazd-1400,Yazd,1400,108042234,73900689,9316593,5527537,2498139,16799276,9266734,6236514,2502060,76.48990691,19.9,41.8,151
yazd-1401,Yazd,1401,139598713,98843852,10700958,6766054,2916354,20371495,11978556,7193262,1890679,76.21638265,19.8,51,208
yazd-1403,Yazd,1403,168752876,117164355,10665231,9474218,5260630,26188442,17697510,2539291,2423661,74.88722737,22.1,64.6,209
zanjan-1395,Zanjan,1395,96505198,74423893,5061896,6581403,1837709,8600297,8449348,10240496,1213905,74.7653863,10.9,291.5,198
zanjan-1396,Zanjan,1396,123006215,93271467,5996526,8732237,2961530,12044455,5786249,13247430,909395,75.21285689,11,264.7,164
zanjan-1397,Zanjan,1397,152982657,119616270,6667539,9942373,3240376,13516099,5487919,17271071,1038985,70.75617905,11.2,230.5,230
zanjan-1398,Zanjan,1398,154738882,121919373,6571103,9980116,3047569,13220721,4896888,16449019,999239,71.25663717,12,248.8,235
zanjan-1399,Zanjan,1399,128500726,98150464,7338276,8624260,2712961,11674765,4718794,10251425,1730916,70.79813224,11.4,212,192
zanjan-1400,Zanjan,1400,138423964,106272749,11152185,6792579,2808466,11397985,14130850,13103003,1075922,73.11382598,12.7,249.4,221
zanjan-1401,Zanjan,1401,184913937,148032371,12028390,8744081,2062955,14046140,25354384,24212880,215323,74.86715225,12.5,165.5,273
zanjan-1403,Zanjan,1403,197485847,161773783,10283989,7176212,2069091,16182772,27063614,31938976,291201,71.73238642,13.3,187.3,196